condition,k,seed,shortest_steps,horizon,optimal_success_bound,threshold90_feasible
benign,4,200,32,96,1.0,True
benign,4,201,24,96,1.0,True
benign,4,202,36,96,1.0,True
benign,4,203,32,96,1.0,True
benign,4,204,24,96,1.0,True
benign,4,205,32,96,1.0,True
benign,4,206,24,96,1.0,True
benign,4,207,36,96,1.0,True
benign,4,208,28,96,1.0,True
benign,4,209,32,96,1.0,True
benign,4,210,36,96,1.0,True
benign,4,211,20,96,1.0,True
benign,4,212,32,96,1.0,True
benign,4,213,32,96,1.0,True
benign,4,214,28,96,1.0,True
benign,4,215,36,96,1.0,True
benign,4,216,32,96,1.0,True
benign,4,217,40,96,1.0,True
benign,4,218,40,96,1.0,True
benign,4,219,32,96,1.0,True
benign,4,220,28,96,1.0,True
benign,4,221,28,96,1.0,True
benign,4,222,40,96,1.0,True
benign,4,223,24,96,1.0,True
benign,4,224,44,96,1.0,True
benign,4,225,28,96,1.0,True
benign,4,226,28,96,1.0,True
benign,4,227,36,96,1.0,True
benign,4,228,24,96,1.0,True
benign,4,229,40,96,1.0,True
benign,4,230,20,96,1.0,True
benign,4,231,32,96,1.0,True
benign,8,200,64,192,1.0,True
benign,8,201,52,192,1.0,True
benign,8,202,68,192,1.0,True
benign,8,203,64,192,1.0,True
benign,8,204,72,192,1.0,True
benign,8,205,56,192,1.0,True
benign,8,206,56,192,1.0,True
benign,8,207,72,192,1.0,True
benign,8,208,44,192,1.0,True
benign,8,209,72,192,1.0,True
benign,8,210,72,192,1.0,True
benign,8,211,52,192,1.0,True
benign,8,212,60,192,1.0,True
benign,8,213,88,192,1.0,True
benign,8,214,60,192,1.0,True
benign,8,215,76,192,1.0,True
benign,8,216,56,192,1.0,True
benign,8,217,68,192,1.0,True
benign,8,218,76,192,1.0,True
benign,8,219,64,192,1.0,True
benign,8,220,56,192,1.0,True
benign,8,221,60,192,1.0,True
benign,8,222,80,192,1.0,True
benign,8,223,52,192,1.0,True
benign,8,224,68,192,1.0,True
benign,8,225,72,192,1.0,True
benign,8,226,60,192,1.0,True
benign,8,227,72,192,1.0,True
benign,8,228,56,192,1.0,True
benign,8,229,84,192,1.0,True
benign,8,230,48,192,1.0,True
benign,8,231,76,192,1.0,True
benign,16,200,132,384,1.0,True
benign,16,201,144,384,1.0,True
benign,16,202,144,384,1.0,True
benign,16,203,144,384,1.0,True
benign,16,204,144,384,1.0,True
benign,16,205,128,384,1.0,True
benign,16,206,120,384,1.0,True
benign,16,207,124,384,1.0,True
benign,16,208,108,384,1.0,True
benign,16,209,148,384,1.0,True
benign,16,210,132,384,1.0,True
benign,16,211,124,384,1.0,True
benign,16,212,124,384,1.0,True
benign,16,213,156,384,1.0,True
benign,16,214,116,384,1.0,True
benign,16,215,148,384,1.0,True
benign,16,216,120,384,1.0,True
benign,16,217,136,384,1.0,True
benign,16,218,132,384,1.0,True
benign,16,219,148,384,1.0,True
benign,16,220,148,384,1.0,True
benign,16,221,132,384,1.0,True
benign,16,222,148,384,1.0,True
benign,16,223,120,384,1.0,True
benign,16,224,132,384,1.0,True
benign,16,225,132,384,1.0,True
benign,16,226,136,384,1.0,True
benign,16,227,140,384,1.0,True
benign,16,228,132,384,1.0,True
benign,16,229,160,384,1.0,True
benign,16,230,120,384,1.0,True
benign,16,231,136,384,1.0,True
deadline,4,200,32,64,1.0,True
deadline,4,201,24,64,1.0,True
deadline,4,202,36,64,1.0,True
deadline,4,203,32,64,1.0,True
deadline,4,204,24,64,1.0,True
deadline,4,205,32,64,1.0,True
deadline,4,206,24,64,1.0,True
deadline,4,207,36,64,1.0,True
deadline,4,208,28,64,1.0,True
deadline,4,209,32,64,1.0,True
deadline,4,210,36,64,1.0,True
deadline,4,211,20,64,1.0,True
deadline,4,212,32,64,1.0,True
deadline,4,213,32,64,1.0,True
deadline,4,214,28,64,1.0,True
deadline,4,215,36,64,1.0,True
deadline,4,216,32,64,1.0,True
deadline,4,217,40,64,1.0,True
deadline,4,218,40,64,1.0,True
deadline,4,219,32,64,1.0,True
deadline,4,220,28,64,1.0,True
deadline,4,221,28,64,1.0,True
deadline,4,222,40,64,1.0,True
deadline,4,223,24,64,1.0,True
deadline,4,224,44,64,1.0,True
deadline,4,225,28,64,1.0,True
deadline,4,226,28,64,1.0,True
deadline,4,227,36,64,1.0,True
deadline,4,228,24,64,1.0,True
deadline,4,229,40,64,1.0,True
deadline,4,230,20,64,1.0,True
deadline,4,231,32,64,1.0,True
deadline,8,200,64,128,1.0,True
deadline,8,201,52,128,1.0,True
deadline,8,202,68,128,1.0,True
deadline,8,203,64,128,1.0,True
deadline,8,204,72,128,1.0,True
deadline,8,205,56,128,1.0,True
deadline,8,206,56,128,1.0,True
deadline,8,207,72,128,1.0,True
deadline,8,208,44,128,1.0,True
deadline,8,209,72,128,1.0,True
deadline,8,210,72,128,1.0,True
deadline,8,211,52,128,1.0,True
deadline,8,212,60,128,1.0,True
deadline,8,213,88,128,1.0,True
deadline,8,214,60,128,1.0,True
deadline,8,215,76,128,1.0,True
deadline,8,216,56,128,1.0,True
deadline,8,217,68,128,1.0,True
deadline,8,218,76,128,1.0,True
deadline,8,219,64,128,1.0,True
deadline,8,220,56,128,1.0,True
deadline,8,221,60,128,1.0,True
deadline,8,222,80,128,1.0,True
deadline,8,223,52,128,1.0,True
deadline,8,224,68,128,1.0,True
deadline,8,225,72,128,1.0,True
deadline,8,226,60,128,1.0,True
deadline,8,227,72,128,1.0,True
deadline,8,228,56,128,1.0,True
deadline,8,229,84,128,1.0,True
deadline,8,230,48,128,1.0,True
deadline,8,231,76,128,1.0,True
deadline,16,200,132,256,1.0,True
deadline,16,201,144,256,1.0,True
deadline,16,202,144,256,1.0,True
deadline,16,203,144,256,1.0,True
deadline,16,204,144,256,1.0,True
deadline,16,205,128,256,1.0,True
deadline,16,206,120,256,1.0,True
deadline,16,207,124,256,1.0,True
deadline,16,208,108,256,1.0,True
deadline,16,209,148,256,1.0,True
deadline,16,210,132,256,1.0,True
deadline,16,211,124,256,1.0,True
deadline,16,212,124,256,1.0,True
deadline,16,213,156,256,1.0,True
deadline,16,214,116,256,1.0,True
deadline,16,215,148,256,1.0,True
deadline,16,216,120,256,1.0,True
deadline,16,217,136,256,1.0,True
deadline,16,218,132,256,1.0,True
deadline,16,219,148,256,1.0,True
deadline,16,220,148,256,1.0,True
deadline,16,221,132,256,1.0,True
deadline,16,222,148,256,1.0,True
deadline,16,223,120,256,1.0,True
deadline,16,224,132,256,1.0,True
deadline,16,225,132,256,1.0,True
deadline,16,226,136,256,1.0,True
deadline,16,227,140,256,1.0,True
deadline,16,228,132,256,1.0,True
deadline,16,229,160,256,1.0,True
deadline,16,230,120,256,1.0,True
deadline,16,231,136,256,1.0,True
noisy,4,200,32,80,0.9999999457715141,True
noisy,4,201,24,80,0.9999999998279756,True
noisy,4,202,36,80,0.9999979629505296,True
noisy,4,203,32,80,0.9999999132455357,True
noisy,4,204,24,80,0.9999999998037066,True
noisy,4,205,32,80,0.9999999139067544,True
noisy,4,206,24,80,0.9999999998279756,True
noisy,4,207,36,80,0.9999995089726518,True
noisy,4,208,28,80,0.9999999947099121,True
noisy,4,209,32,80,0.9999998838873094,True
noisy,4,210,36,80,0.99999892748085,True
noisy,4,211,20,80,0.999999999992723,True
noisy,4,212,32,80,0.9999998940182544,True
noisy,4,213,32,80,0.9999997682768182,True
noisy,4,214,28,80,0.9999999952490535,True
noisy,4,215,36,80,0.9999983577572917,True
noisy,4,216,32,80,0.9999998940182545,True
noisy,4,217,40,80,0.9999750056193996,True
noisy,4,218,40,80,0.9999849401575527,True
noisy,4,219,32,80,0.9999998681377065,True
noisy,4,220,28,80,0.9999999971876304,True
noisy,4,221,28,80,0.999999996328253,True
noisy,4,222,40,80,0.9999750056193997,True
noisy,4,223,24,80,0.9999999995016876,True
noisy,4,224,44,80,0.9998737448317964,True
noisy,4,225,28,80,0.9999999947099121,True
noisy,4,226,28,80,0.9999999947099121,True
noisy,4,227,36,80,0.9999995838881504,True
noisy,4,228,24,80,0.9999999995009532,True
noisy,4,229,40,80,0.9999748509426218,True
noisy,4,230,20,80,0.999999999992723,True
noisy,4,231,32,80,0.9999999132455356,True
noisy,8,200,64,160,0.9999999999999163,True
noisy,8,201,52,160,1.0,True
noisy,8,202,68,160,0.999999999999122,True
noisy,8,203,64,160,0.9999999999998156,True
noisy,8,204,72,160,0.9999999999916129,True
noisy,8,205,56,160,0.9999999999999999,True
noisy,8,206,56,160,1.0,True
noisy,8,207,72,160,0.9999999999945837,True
noisy,8,208,44,160,1.0,True
noisy,8,209,72,160,0.9999999999577278,True
noisy,8,210,72,160,0.9999999999600816,True
noisy,8,211,52,160,1.0,True
noisy,8,212,60,160,0.9999999999999973,True
noisy,8,213,88,160,0.9999997005399398,True
noisy,8,214,60,160,0.9999999999999968,True
noisy,8,215,76,160,0.999999999515242,True
noisy,8,216,56,160,1.0,True
noisy,8,217,68,160,0.9999999999951262,True
noisy,8,218,76,160,0.9999999998163304,True
noisy,8,219,64,160,0.9999999999997513,True
noisy,8,220,56,160,1.0,True
noisy,8,221,60,160,0.99999999999999,True
noisy,8,222,80,160,0.9999999964317605,True
noisy,8,223,52,160,1.0,True
noisy,8,224,68,160,0.9999999999980979,True
noisy,8,225,72,160,0.9999999999843499,True
noisy,8,226,60,160,0.999999999999992,True
noisy,8,227,72,160,0.9999999999953597,True
noisy,8,228,56,160,1.0,True
noisy,8,229,84,160,0.9999999713707636,True
noisy,8,230,48,160,1.0,True
noisy,8,231,76,160,0.9999999998474581,True
noisy,16,200,132,320,1.0,True
noisy,16,201,144,320,1.0,True
noisy,16,202,144,320,1.0,True
noisy,16,203,144,320,1.0,True
noisy,16,204,144,320,1.0,True
noisy,16,205,128,320,1.0,True
noisy,16,206,120,320,1.0,True
noisy,16,207,124,320,1.0,True
noisy,16,208,108,320,1.0,True
noisy,16,209,148,320,1.0,True
noisy,16,210,132,320,1.0,True
noisy,16,211,124,320,1.0,True
noisy,16,212,124,320,1.0,True
noisy,16,213,156,320,1.0,True
noisy,16,214,116,320,1.0,True
noisy,16,215,148,320,1.0,True
noisy,16,216,120,320,1.0,True
noisy,16,217,136,320,1.0,True
noisy,16,218,132,320,1.0,True
noisy,16,219,148,320,1.0,True
noisy,16,220,148,320,1.0,True
noisy,16,221,132,320,1.0,True
noisy,16,222,148,320,1.0,True
noisy,16,223,120,320,1.0,True
noisy,16,224,132,320,1.0,True
noisy,16,225,132,320,1.0,True
noisy,16,226,136,320,1.0,True
noisy,16,227,140,320,1.0,True
noisy,16,228,132,320,1.0,True
noisy,16,229,160,320,1.0,True
noisy,16,230,120,320,1.0,True
noisy,16,231,136,320,1.0,True
