condition,variant,k,n,mean_capped_first90,ci_low,ci_high,median_capped_first90,solved,stable_solved,mean_capped_stable90,auc,final_success,final90,updates_per_step,state_accuracy,junction_state_accuracy,feature_states,true_states,next_goal_accuracy,next_goal_coverage,wrong_binding_rate,skill_target_success_rate,skill_other_progress_rate,both_branches_discovered,steps_until_both_success,prefix_until_both_success,frontier_until_both_success,best_single_branch_success,stochastic_final_success_e005,stochastic_final_success_e02
balanced,count_replay_e0.005,4,12,80000.0,80000.0,80000.0,80000.0,0,0,80000.0,0.06041666666666667,0.16666666666666666,0,6.0,0.875,0.5,4.0,5.0,,,,,,1,2441.0,1609.0,832.0,0.3333333333333333,0.17334694139755702,0.21241928811098287
balanced,count_replay_e0.005,8,12,80000.0,80000.0,80000.0,80000.0,0,0,80000.0,0.0234375,0.0,0,6.0,0.9375,0.5,8.0,9.0,,,,,,1,11136.0,8641.0,2495.0,0.0,0.06798218392356103,0.16482268815026524
balanced,count_replay_e0.005,12,12,80000.0,80000.0,80000.0,80000.0,0,0,80000.0,0.010937500000000003,0.0,0,6.0,0.958333333333,0.5,12.0,13.0,,,,,,1,25045.0,21906.0,3139.0,0.0,0.051696852386120984,0.1242462239983015
balanced,count_replay_e0.02,4,12,80000.0,80000.0,80000.0,80000.0,0,0,80000.0,0.053906249999999996,0.041666666666666664,0,6.0,0.875,0.5,4.0,5.0,,,,,,3,4375.666666666667,3365.0,1010.6666666666666,0.08333333333333333,0.09655295172775132,0.16697478381857134
balanced,count_replay_e0.02,8,12,80000.0,80000.0,80000.0,80000.0,0,0,80000.0,0.02786458333333333,0.041666666666666664,0,6.0,0.9375,0.5,8.0,9.0,,,,,,3,34325.0,18273.333333333332,16051.666666666666,0.08333333333333333,0.08585168409561261,0.16323717608058066
balanced,count_replay_e0.02,12,12,80000.0,80000.0,80000.0,80000.0,0,0,80000.0,0.014322916666666666,0.041666666666666664,0,6.0,0.958333333333,0.5,12.0,13.0,,,,,,1,22709.0,19634.0,3075.0,0.08333333333333333,0.1366741010604637,0.22235471512313523
balanced,count_replay_e0.05,4,12,80000.0,80000.0,80000.0,80000.0,0,0,80000.0,0.04713541666666666,0.125,0,6.0,0.875,0.5,4.0,5.0,,,,,,2,28017.0,27046.0,971.0,0.25,0.15316350377755159,0.2141122180941434
balanced,count_replay_e0.05,8,12,80000.0,80000.0,80000.0,80000.0,0,0,80000.0,0.019531249999999997,0.041666666666666664,0,6.0,0.9375,0.5,8.0,9.0,,,,,,1,7130.0,4710.0,2420.0,0.08333333333333333,0.06666797934299841,0.09112831567262536
balanced,count_replay_e0.05,12,12,80000.0,80000.0,80000.0,80000.0,0,0,80000.0,0.009895833333333335,0.0,0,6.0,0.958333333333,0.5,12.0,13.0,,,,,,0,,,,0.0,0.06918971423201141,0.15946954681853284
balanced,count_replay_e0.2,4,12,80000.0,80000.0,80000.0,80000.0,0,0,80000.0,0.060937500000000006,0.0,0,6.0,0.875,0.5,4.0,5.0,,,,,,5,12831.2,11951.2,880.0,0.0,0.09802030078052787,0.23009036240165523
balanced,count_replay_e0.2,8,12,80000.0,80000.0,80000.0,80000.0,0,0,80000.0,0.0234375,0.0,0,6.0,0.9375,0.5,8.0,9.0,,,,,,1,18406.0,15025.0,3381.0,0.0,0.05291993341501509,0.13591541761264334
balanced,count_replay_e0.2,12,12,80000.0,80000.0,80000.0,80000.0,0,0,80000.0,0.011979166666666667,0.0,0,6.0,0.958333333333,0.5,12.0,13.0,,,,,,3,44195.666666666664,29352.666666666668,14843.0,0.0,0.08869974813535936,0.12278671465761522
balanced,history_replay_e0.005,4,12,3750.0,3500.0,4000.0,4000.0,12,12,3750.0,0.9625,1.0,12,6.0,1.0,1.0,7.0,5.0,,,,,,12,2473.3333333333335,1023.1666666666666,1450.1666666666667,1.0,,
balanced,history_replay_e0.005,8,12,10583.333333333334,10250.0,10916.666666666666,11000.0,12,12,10583.333333333334,0.88125,1.0,12,6.0,1.0,1.0,15.0,9.0,,,,,,12,7870.833333333333,4484.833333333333,3386.0,1.0,,
balanced,history_replay_e0.005,12,12,17833.333333333332,17250.0,18250.0,18000.0,12,12,17833.333333333332,0.7916666666666666,1.0,12,6.0,1.0,1.0,23.0,13.0,,,,,,12,14412.833333333334,9122.333333333334,5290.5,1.0,,
balanced,history_replay_e0.02,4,12,3833.3333333333335,3583.3333333333335,4000.0,4000.0,12,12,3833.3333333333335,0.9604166666666668,1.0,12,6.0,1.0,1.0,7.0,5.0,,,,,,12,2640.4166666666665,1014.3333333333334,1626.0833333333333,1.0,,
balanced,history_replay_e0.02,8,12,10833.333333333334,10166.666666666666,11335.416666666637,11000.0,12,12,10833.333333333334,0.8755208333333333,1.0,12,6.0,1.0,1.0,15.0,9.0,,,,,,12,8343.583333333334,4880.333333333333,3463.25,1.0,,
balanced,history_replay_e0.02,12,12,18000.0,17500.0,18583.333333333332,18000.0,12,12,18000.0,0.7885416666666666,1.0,12,6.0,1.0,1.0,23.0,13.0,,,,,,12,14734.166666666666,9430.083333333334,5304.083333333333,1.0,,
balanced,history_replay_e0.05,4,12,4000.0,3666.6666666666665,4333.333333333333,4000.0,12,12,4000.0,0.9609375000000001,1.0,12,6.0,1.0,1.0,7.0,5.0,,,,,,12,2562.0833333333335,1002.9166666666666,1559.1666666666667,1.0,,
balanced,history_replay_e0.05,8,12,10583.333333333334,10250.0,10916.666666666666,10500.0,12,12,10583.333333333334,0.8796874999999998,1.0,12,6.0,1.0,1.0,15.0,9.0,,,,,,12,8188.333333333333,4688.583333333333,3499.75,1.0,,
balanced,history_replay_e0.05,12,12,18500.0,18000.0,19083.333333333332,18000.0,12,12,18666.666666666668,0.7828125,1.0,12,6.0,1.0,1.0,23.0,13.0,,,,,,12,15343.75,9965.833333333334,5377.916666666667,1.0,,
balanced,history_replay_e0.2,4,12,4416.666666666667,4166.666666666667,4666.666666666667,4000.0,12,12,4416.666666666667,0.9546874999999999,1.0,12,6.0,1.0,1.0,7.0,5.0,,,,,,12,3053.6666666666665,1269.4166666666667,1784.25,1.0,,
balanced,history_replay_e0.2,8,12,12250.0,11833.333333333334,12666.666666666666,12000.0,12,12,12250.0,0.8598958333333333,1.0,12,6.0,1.0,1.0,15.0,9.0,,,,,,12,9697.666666666666,5979.75,3717.9166666666665,1.0,,
balanced,history_replay_e0.2,12,12,20083.333333333332,19500.0,20583.333333333332,20000.0,12,12,20083.333333333332,0.7645833333333333,1.0,12,6.0,1.0,1.0,23.0,13.0,,,,,,12,16691.833333333332,11274.25,5417.583333333333,1.0,,
balanced,hand_replay_e0.005,4,12,2750.0,2500.0,3000.0,3000.0,12,12,2750.0,0.9718749999999998,1.0,12,6.0,1.0,1.0,5.0,5.0,,,,,,12,1911.9166666666667,673.0833333333334,1238.8333333333333,1.0,,
balanced,hand_replay_e0.005,8,12,6083.333333333333,5750.0,6416.666666666667,6000.0,12,12,6083.333333333333,0.9302083333333333,1.0,12,6.0,1.0,1.0,9.0,9.0,,,,,,12,4920.5,2174.0,2746.5,1.0,,
balanced,hand_replay_e0.005,12,12,9500.0,8916.666666666666,10083.333333333334,9000.0,12,12,9500.0,0.8875000000000001,1.0,12,6.0,1.0,1.0,13.0,13.0,,,,,,12,8002.416666666667,3858.1666666666665,4144.25,1.0,,
balanced,hand_replay_e0.02,4,12,2833.3333333333335,2583.3333333333335,3000.0,3000.0,12,12,2833.3333333333335,0.9708333333333332,1.0,12,6.0,1.0,1.0,5.0,5.0,,,,,,12,1919.75,608.9166666666666,1310.8333333333333,1.0,,
balanced,hand_replay_e0.02,8,12,5833.333333333333,5416.666666666667,6250.0,6000.0,12,12,5833.333333333333,0.9333333333333335,1.0,12,6.0,1.0,1.0,9.0,9.0,,,,,,12,4715.666666666667,2080.5833333333335,2635.0833333333335,1.0,,
balanced,hand_replay_e0.02,12,12,10083.333333333334,9750.0,10416.666666666666,10000.0,12,12,10083.333333333334,0.8802083333333334,1.0,12,6.0,1.0,1.0,13.0,13.0,,,,,,12,8328.5,3883.0833333333335,4445.416666666667,1.0,,
balanced,hand_replay_e0.05,4,12,2750.0,2500.0,3000.0,3000.0,12,12,2750.0,0.9718749999999999,1.0,12,6.0,1.0,1.0,5.0,5.0,,,,,,12,2060.1666666666665,660.1666666666666,1400.0,1.0,,
balanced,hand_replay_e0.05,8,12,6416.666666666667,6166.666666666667,6666.666666666667,6000.0,12,12,6416.666666666667,0.9260416666666665,1.0,12,6.0,1.0,1.0,9.0,9.0,,,,,,12,5275.916666666667,2355.3333333333335,2920.5833333333335,1.0,,
balanced,hand_replay_e0.05,12,12,10666.666666666666,10333.333333333334,11000.0,11000.0,12,12,10666.666666666666,0.8729166666666667,1.0,12,6.0,1.0,1.0,13.0,13.0,,,,,,12,9061.0,4641.166666666667,4419.833333333333,1.0,,
balanced,hand_replay_e0.2,4,12,2916.6666666666665,2750.0,3000.0,3000.0,12,12,2916.6666666666665,0.9697916666666666,1.0,12,6.0,1.0,1.0,5.0,5.0,,,,,,12,2325.0833333333335,850.25,1474.8333333333333,1.0,,
balanced,hand_replay_e0.2,8,12,7000.0,6750.0,7250.0,7000.0,12,12,7000.0,0.9187499999999997,1.0,12,6.0,1.0,1.0,9.0,9.0,,,,,,12,5862.25,2902.9166666666665,2959.3333333333335,1.0,,
balanced,hand_replay_e0.2,12,12,11500.0,11000.0,11916.666666666666,12000.0,12,12,11500.0,0.8624999999999999,1.0,12,6.0,1.0,1.0,13.0,13.0,,,,,,12,9884.166666666666,5291.166666666667,4593.0,1.0,,
balanced,learned_replay_e0.005,4,12,3750.0,3500.0,4000.0,4000.0,12,12,3750.0,0.9625,1.0,12,6.0,1.0,1.0,7.0,5.0,,,,,,12,2473.3333333333335,1023.1666666666666,1450.1666666666667,1.0,,
balanced,learned_replay_e0.005,8,12,10583.333333333334,10250.0,10916.666666666666,11000.0,12,12,10583.333333333334,0.88125,1.0,12,6.0,1.0,1.0,15.0,9.0,,,,,,12,7870.833333333333,4484.833333333333,3386.0,1.0,,
balanced,learned_replay_e0.005,12,12,17833.333333333332,17250.0,18250.0,18000.0,12,12,17833.333333333332,0.7916666666666666,1.0,12,6.0,1.0,1.0,23.0,13.0,,,,,,12,14412.833333333334,9122.333333333334,5290.5,1.0,,
balanced,learned_replay_e0.02,4,12,3833.3333333333335,3583.3333333333335,4000.0,4000.0,12,12,3833.3333333333335,0.9604166666666668,1.0,12,6.0,1.0,1.0,7.0,5.0,,,,,,12,2640.4166666666665,1014.3333333333334,1626.0833333333333,1.0,,
balanced,learned_replay_e0.02,8,12,10833.333333333334,10166.666666666666,11335.416666666637,11000.0,12,12,10833.333333333334,0.8755208333333333,1.0,12,6.0,1.0,1.0,15.0,9.0,,,,,,12,8343.583333333334,4880.333333333333,3463.25,1.0,,
balanced,learned_replay_e0.02,12,12,18000.0,17500.0,18583.333333333332,18000.0,12,12,18000.0,0.7885416666666666,1.0,12,6.0,1.0,1.0,23.0,13.0,,,,,,12,14734.166666666666,9430.083333333334,5304.083333333333,1.0,,
balanced,learned_replay_e0.05,4,12,4000.0,3666.6666666666665,4333.333333333333,4000.0,12,12,4000.0,0.9609375000000001,1.0,12,6.0,1.0,1.0,7.0,5.0,,,,,,12,2562.0833333333335,1002.9166666666666,1559.1666666666667,1.0,,
balanced,learned_replay_e0.05,8,12,10583.333333333334,10250.0,10916.666666666666,10500.0,12,12,10583.333333333334,0.8796874999999998,1.0,12,6.0,1.0,1.0,15.0,9.0,,,,,,12,8188.333333333333,4688.583333333333,3499.75,1.0,,
balanced,learned_replay_e0.05,12,12,18500.0,18000.0,19083.333333333332,18000.0,12,12,18666.666666666668,0.7828125,1.0,12,6.0,1.0,1.0,23.0,13.0,,,,,,12,15343.75,9965.833333333334,5377.916666666667,1.0,,
balanced,learned_replay_e0.2,4,12,4416.666666666667,4166.666666666667,4666.666666666667,4000.0,12,12,4416.666666666667,0.9546874999999999,1.0,12,6.0,1.0,1.0,7.0,5.0,,,,,,12,3053.6666666666665,1269.4166666666667,1784.25,1.0,,
balanced,learned_replay_e0.2,8,12,12250.0,11833.333333333334,12666.666666666666,12000.0,12,12,12250.0,0.8598958333333333,1.0,12,6.0,1.0,1.0,15.0,9.0,,,,,,12,9697.666666666666,5979.75,3717.9166666666665,1.0,,
balanced,learned_replay_e0.2,12,12,20083.333333333332,19500.0,20583.333333333332,20000.0,12,12,20083.333333333332,0.7645833333333333,1.0,12,6.0,1.0,1.0,23.0,13.0,,,,,,12,16691.833333333332,11274.25,5417.583333333333,1.0,,
balanced,delayed_skill_e0.005,4,12,6583.333333333333,6333.333333333333,6833.333333333333,7000.0,12,12,6583.333333333333,0.9239583333333333,1.0,12,6.0,1.0,1.0,7.0,5.0,1.0,1.0,0.0,0.8748950285522338,0.125,12,6207.5,4050.6666666666665,2156.8333333333335,1.0,,
balanced,delayed_skill_e0.005,8,12,18916.666666666668,18666.666666666668,19166.666666666668,19000.0,12,12,18916.666666666668,0.7697916666666668,1.0,12,6.0,1.0,1.0,15.0,9.0,1.0,1.0,0.0,0.9372791137140631,0.06256220879073324,12,18315.583333333332,14119.5,4196.083333333333,1.0,,
balanced,delayed_skill_e0.005,12,12,31666.666666666668,31250.0,32083.333333333332,32000.0,12,12,31666.666666666668,0.6104166666666667,1.0,12,6.0,1.0,1.0,23.0,13.0,1.0,1.0,0.0,0.9581128998615772,0.04171644196674062,12,31054.416666666668,25424.0,5630.416666666667,1.0,,
balanced,delayed_skill_e0.02,4,12,7083.333333333333,7000.0,7250.0,7000.0,12,12,7083.333333333333,0.9177083333333331,1.0,12,6.0,1.0,1.0,7.0,5.0,1.0,1.0,0.0,0.8748432862209745,0.12502812811418407,12,6562.083333333333,4280.416666666667,2281.6666666666665,1.0,,
balanced,delayed_skill_e0.02,8,12,18750.0,18500.0,19000.0,19000.0,12,12,18750.0,0.7718750000000001,1.0,12,6.0,1.0,1.0,15.0,9.0,1.0,1.0,0.0,0.9373087565699896,0.06251555568569463,12,18278.916666666668,14197.333333333334,4081.5833333333335,1.0,,
balanced,delayed_skill_e0.02,12,12,32250.0,31750.0,32750.0,32000.0,12,12,32250.0,0.603125,1.0,12,6.0,1.0,1.0,23.0,13.0,1.0,1.0,0.0,0.9580547704902056,0.04171133417795537,12,31640.666666666668,25691.333333333332,5949.333333333333,1.0,,
balanced,delayed_skill_e0.05,4,12,7083.333333333333,7000.0,7250.0,7000.0,12,12,7083.333333333333,0.9177083333333331,1.0,12,6.0,1.0,1.0,7.0,5.0,1.0,1.0,0.0,0.8748880262765004,0.124990323258463,12,6549.75,4308.25,2241.5,1.0,,
balanced,delayed_skill_e0.05,8,12,19416.666666666668,18750.0,20000.0,20000.0,12,12,19416.666666666668,0.7635416666666667,1.0,12,6.0,1.0,1.0,15.0,9.0,1.0,1.0,0.0,0.9372916698375976,0.0625561254775422,12,18744.75,14563.666666666666,4181.083333333333,1.0,,
balanced,delayed_skill_e0.05,12,12,33166.666666666664,32500.0,33916.666666666664,33000.0,12,12,33166.666666666664,0.5916666666666667,1.0,12,6.0,1.0,1.0,23.0,13.0,1.0,1.0,0.0,0.9580886278697277,0.04170602488808575,12,32624.25,26821.083333333332,5803.166666666667,1.0,,
balanced,delayed_skill_e0.2,4,12,7916.666666666667,7583.333333333333,8250.0,8000.0,12,12,7916.666666666667,0.9072916666666666,1.0,12,6.0,1.0,1.0,7.0,5.0,1.0,1.0,0.0,0.8748600074662685,0.12498000106660978,12,7282.583333333333,4762.5,2520.0833333333335,1.0,,
balanced,delayed_skill_e0.2,8,12,22250.0,21666.666666666668,22750.0,23000.0,12,12,22250.0,0.728125,1.0,12,6.0,1.0,1.0,15.0,9.0,1.0,1.0,0.0,0.9372528794911467,0.06253700838538384,12,21784.666666666668,17453.25,4331.416666666667,1.0,,
balanced,delayed_skill_e0.2,12,12,39000.0,38333.333333333336,39666.666666666664,39000.0,12,12,39000.0,0.5187499999999999,1.0,12,6.0,1.0,1.0,23.0,13.0,1.0,1.0,0.0,0.957944968465703,0.04174806050119998,12,38416.916666666664,32195.0,6221.916666666667,1.0,,
balanced,immediate_skill_e0.005,4,12,3750.0,3500.0,4000.0,4000.0,12,12,3750.0,0.9609375000000001,1.0,12,6.0,1.0,1.0,7.0,5.0,1.0,1.0,0.0,0.8735300864743021,0.1261108506797259,12,3209.0,1003.3333333333334,2205.6666666666665,1.0,,
balanced,immediate_skill_e0.005,8,12,5750.0,5416.666666666667,6083.333333333333,6000.0,12,12,5750.0,0.9385416666666666,1.0,12,6.0,1.0,1.0,15.0,9.0,1.0,1.0,0.0,0.9361394339578618,0.0636155766583448,12,5289.916666666667,1801.3333333333333,3488.5833333333335,1.0,,
balanced,immediate_skill_e0.005,12,12,8166.666666666667,7666.666666666667,8666.666666666666,8500.0,12,12,8166.666666666667,0.9088541666666669,1.0,12,6.0,1.0,1.0,23.0,13.0,1.0,1.0,0.0,0.9570739330497228,0.042727622260533074,12,7686.333333333333,2811.3333333333335,4875.0,1.0,,
balanced,immediate_skill_e0.02,4,12,3833.3333333333335,3583.3333333333335,4000.0,4000.0,12,12,3833.3333333333335,0.9614583333333334,1.0,12,6.0,1.0,1.0,7.0,5.0,1.0,1.0,0.0,0.8735100209635114,0.12614565083094498,12,3133.9166666666665,909.3333333333334,2224.5833333333335,1.0,,
balanced,immediate_skill_e0.02,8,12,6000.0,5583.333333333333,6416.666666666667,6000.0,12,12,6000.0,0.9354166666666665,1.0,12,6.0,1.0,1.0,15.0,9.0,1.0,1.0,0.0,0.9361061023061592,0.06366850147100693,12,5581.833333333333,2024.25,3557.5833333333335,1.0,,
balanced,immediate_skill_e0.02,12,12,8250.0,7916.666666666667,8666.666666666666,8000.0,12,12,8250.0,0.9088541666666666,1.0,12,6.0,1.0,1.0,23.0,13.0,1.0,1.0,0.0,0.9570419871390745,0.04278149035430589,12,7781.25,2769.0833333333335,5012.166666666667,1.0,,
balanced,immediate_skill_e0.05,4,12,3583.3333333333335,3333.3333333333335,3833.3333333333335,4000.0,12,12,3583.3333333333335,0.9635416666666669,1.0,12,6.0,1.0,1.0,7.0,5.0,1.0,1.0,0.0,0.8734228776737968,0.12612800802139038,12,3121.8333333333335,1051.4166666666667,2070.4166666666665,1.0,,
balanced,immediate_skill_e0.05,8,12,6000.0,5583.333333333333,6333.333333333333,6000.0,12,12,6000.0,0.9364583333333334,1.0,12,6.0,1.0,1.0,15.0,9.0,1.0,1.0,0.0,0.9360800312698491,0.06366345824986563,12,5450.583333333333,2046.5,3404.0833333333335,1.0,,
balanced,immediate_skill_e0.05,12,12,8500.0,8000.0,9000.0,8500.0,12,12,8500.0,0.9046875000000001,1.0,12,6.0,1.0,1.0,23.0,13.0,1.0,1.0,0.0,0.9569185834246076,0.04285975069107599,12,8110.666666666667,2933.4166666666665,5177.25,1.0,,
balanced,immediate_skill_e0.2,4,12,4083.3333333333335,3750.0,4416.666666666667,4000.0,12,12,4083.3333333333335,0.9567708333333335,1.0,12,6.0,1.0,1.0,7.0,5.0,1.0,1.0,0.0,0.8729619734838081,0.12650121095603106,12,3502.25,1248.5833333333333,2253.6666666666665,1.0,,
balanced,immediate_skill_e0.2,8,12,6833.333333333333,6250.0,7416.666666666667,7000.0,12,12,6833.333333333333,0.9260416666666665,1.0,12,6.0,1.0,1.0,15.0,9.0,1.0,1.0,0.0,0.9356502930301215,0.06402817765955893,12,6451.583333333333,2778.75,3672.8333333333335,1.0,,
balanced,immediate_skill_e0.2,12,12,10500.0,9916.666666666666,11166.666666666666,10500.0,12,12,10500.0,0.8817708333333334,1.0,12,6.0,1.0,1.0,23.0,13.0,1.0,1.0,0.0,0.9564768298981173,0.043319717670626166,12,9998.75,4206.083333333333,5792.666666666667,1.0,,
balanced,oracle_skill_e0.005,4,12,3000.0,3000.0,3000.0,3000.0,12,12,3000.0,0.96875,1.0,12,6.0,1.0,1.0,5.0,5.0,1.0,1.0,0.0,0.8727415708247321,0.12532193060060945,12,1418.1666666666667,1418.1666666666667,0.0,1.0,,
balanced,oracle_skill_e0.005,8,12,3000.0,3000.0,3000.0,3000.0,12,12,3000.0,0.9692708333333333,1.0,12,6.0,1.0,1.0,9.0,9.0,1.0,1.0,0.0,0.9360297105702804,0.06271729805391249,12,1682.9166666666667,1682.9166666666667,0.0,1.0,,
balanced,oracle_skill_e0.005,12,12,3000.0,3000.0,3000.0,3000.0,12,12,3000.0,0.9692708333333333,1.0,12,6.0,1.0,1.0,13.0,13.0,1.0,1.0,0.0,0.9572506681422701,0.04181923072394834,12,1776.6666666666667,1776.6666666666667,0.0,1.0,,
balanced,oracle_skill_e0.02,4,12,3000.0,3000.0,3000.0,3000.0,12,12,3000.0,0.96875,1.0,12,6.0,1.0,1.0,5.0,5.0,1.0,1.0,0.0,0.8726553999421025,0.12531818680934745,12,1460.5833333333333,1460.5833333333333,0.0,1.0,,
balanced,oracle_skill_e0.02,8,12,3000.0,3000.0,3000.0,3000.0,12,12,3000.0,0.9692708333333333,1.0,12,6.0,1.0,1.0,9.0,9.0,1.0,1.0,0.0,0.9359533038233068,0.06277378959198184,12,1685.4166666666667,1685.4166666666667,0.0,1.0,,
balanced,oracle_skill_e0.02,12,12,3083.3333333333335,3000.0,3250.0,3000.0,12,12,3083.3333333333335,0.96875,1.0,12,6.0,1.0,1.0,13.0,13.0,1.0,1.0,0.0,0.9571896518745218,0.04185395944912012,12,1782.4166666666667,1782.4166666666667,0.0,1.0,,
balanced,oracle_skill_e0.05,4,12,3000.0,3000.0,3000.0,3000.0,12,12,3000.0,0.96875,1.0,12,6.0,1.0,1.0,5.0,5.0,1.0,1.0,0.0,0.8724673825669353,0.12533751056330772,12,1515.25,1515.25,0.0,1.0,,
balanced,oracle_skill_e0.05,8,12,3000.0,3000.0,3000.0,3000.0,12,12,3000.0,0.96875,1.0,12,6.0,1.0,1.0,9.0,9.0,1.0,1.0,0.0,0.9358746835143513,0.06278838645559735,12,1695.9166666666667,1695.9166666666667,0.0,1.0,,
balanced,oracle_skill_e0.05,12,12,3000.0,3000.0,3000.0,3000.0,12,12,3000.0,0.96875,1.0,12,6.0,1.0,1.0,13.0,13.0,1.0,1.0,0.0,0.9571791833308646,0.04188268404680788,12,1812.1666666666667,1812.1666666666667,0.0,1.0,,
balanced,oracle_skill_e0.2,4,12,3000.0,3000.0,3000.0,3000.0,12,12,3000.0,0.96875,1.0,12,6.0,1.0,1.0,5.0,5.0,1.0,1.0,0.0,0.8714419153433951,0.12542402045130524,12,1744.75,1744.75,0.0,1.0,,
balanced,oracle_skill_e0.2,8,12,3000.0,3000.0,3000.0,3000.0,12,12,3000.0,0.9692708333333333,1.0,12,6.0,1.0,1.0,9.0,9.0,1.0,1.0,0.0,0.9353464089177367,0.06287568787921546,12,1885.1666666666667,1885.1666666666667,0.0,1.0,,
balanced,oracle_skill_e0.2,12,12,3083.3333333333335,3000.0,3250.0,3000.0,12,12,3083.3333333333335,0.9682291666666667,1.0,12,6.0,1.0,1.0,13.0,13.0,1.0,1.0,0.0,0.9567955736064513,0.041938901642239096,12,2013.8333333333333,2013.8333333333333,0.0,1.0,,
balanced,history_skill_e0.005,4,12,3750.0,3500.0,4000.0,4000.0,12,12,3750.0,0.9609375000000001,1.0,12,6.0,1.0,1.0,7.0,5.0,1.0,1.0,0.0,0.8735300864743021,0.1261108506797259,12,3209.0,1003.3333333333334,2205.6666666666665,1.0,,
balanced,history_skill_e0.005,8,12,5750.0,5416.666666666667,6083.333333333333,6000.0,12,12,5750.0,0.9385416666666666,1.0,12,6.0,1.0,1.0,15.0,9.0,1.0,1.0,0.0,0.9361394339578618,0.0636155766583448,12,5289.916666666667,1801.3333333333333,3488.5833333333335,1.0,,
balanced,history_skill_e0.005,12,12,8166.666666666667,7666.666666666667,8666.666666666666,8500.0,12,12,8166.666666666667,0.9088541666666669,1.0,12,6.0,1.0,1.0,23.0,13.0,1.0,1.0,0.0,0.9570739330497228,0.042727622260533074,12,7686.333333333333,2811.3333333333335,4875.0,1.0,,
balanced,history_skill_e0.02,4,12,3833.3333333333335,3583.3333333333335,4000.0,4000.0,12,12,3833.3333333333335,0.9614583333333334,1.0,12,6.0,1.0,1.0,7.0,5.0,1.0,1.0,0.0,0.8735100209635114,0.12614565083094498,12,3133.9166666666665,909.3333333333334,2224.5833333333335,1.0,,
balanced,history_skill_e0.02,8,12,6000.0,5583.333333333333,6416.666666666667,6000.0,12,12,6000.0,0.9354166666666665,1.0,12,6.0,1.0,1.0,15.0,9.0,1.0,1.0,0.0,0.9361061023061592,0.06366850147100693,12,5581.833333333333,2024.25,3557.5833333333335,1.0,,
balanced,history_skill_e0.02,12,12,8250.0,7916.666666666667,8666.666666666666,8000.0,12,12,8250.0,0.9088541666666666,1.0,12,6.0,1.0,1.0,23.0,13.0,1.0,1.0,0.0,0.9570419871390745,0.04278149035430589,12,7781.25,2769.0833333333335,5012.166666666667,1.0,,
balanced,history_skill_e0.05,4,12,3583.3333333333335,3333.3333333333335,3833.3333333333335,4000.0,12,12,3583.3333333333335,0.9635416666666669,1.0,12,6.0,1.0,1.0,7.0,5.0,1.0,1.0,0.0,0.8734228776737968,0.12612800802139038,12,3121.8333333333335,1051.4166666666667,2070.4166666666665,1.0,,
balanced,history_skill_e0.05,8,12,6000.0,5583.333333333333,6333.333333333333,6000.0,12,12,6000.0,0.9364583333333334,1.0,12,6.0,1.0,1.0,15.0,9.0,1.0,1.0,0.0,0.9360800312698491,0.06366345824986563,12,5450.583333333333,2046.5,3404.0833333333335,1.0,,
balanced,history_skill_e0.05,12,12,8500.0,8000.0,9000.0,8500.0,12,12,8500.0,0.9046875000000001,1.0,12,6.0,1.0,1.0,23.0,13.0,1.0,1.0,0.0,0.9569185834246076,0.04285975069107599,12,8110.666666666667,2933.4166666666665,5177.25,1.0,,
balanced,history_skill_e0.2,4,12,4083.3333333333335,3750.0,4416.666666666667,4000.0,12,12,4083.3333333333335,0.9567708333333335,1.0,12,6.0,1.0,1.0,7.0,5.0,1.0,1.0,0.0,0.8729619734838081,0.12650121095603106,12,3502.25,1248.5833333333333,2253.6666666666665,1.0,,
balanced,history_skill_e0.2,8,12,6833.333333333333,6250.0,7416.666666666667,7000.0,12,12,6833.333333333333,0.9260416666666665,1.0,12,6.0,1.0,1.0,15.0,9.0,1.0,1.0,0.0,0.9356502930301215,0.06402817765955893,12,6451.583333333333,2778.75,3672.8333333333335,1.0,,
balanced,history_skill_e0.2,12,12,10500.0,9916.666666666666,11166.666666666666,10500.0,12,12,10500.0,0.8817708333333334,1.0,12,6.0,1.0,1.0,23.0,13.0,1.0,1.0,0.0,0.9564768298981173,0.043319717670626166,12,9998.75,4206.083333333333,5792.666666666667,1.0,,
