gamma,reward_ratio,method,k,budget,n,auc,final_success,solved,mean_capped_first90,shortest_length,terminal_reward,optimal_discounted_return,zero_above_optimal_return
0.98,0.5,history_replay,4,50000,12,0.7875000000000001,1.0,12,11333.333333333334,37,0.185,-0.16899900717908406,True
0.98,0.5,history_replay,4,100000,12,0.8937499999999999,1.0,12,11333.333333333334,37,0.185,-0.16899900717908406,True
0.98,0.5,history_replay,4,200000,12,0.9468749999999999,1.0,12,11333.333333333334,37,0.185,-0.16899900717908406,True
0.98,0.5,history_replay,12,50000,12,0.0,0.0,0,50000.0,133,0.665,-0.4190591209350639,True
0.98,0.5,history_replay,12,100000,12,0.0,0.0,0,100000.0,133,0.665,-0.4190591209350639,True
0.98,0.5,history_replay,12,200000,12,0.01875,0.6666666666666666,6,197666.66666666666,133,0.665,-0.4190591209350639,True
0.98,0.5,hand_replay,4,50000,12,0.8008333333333333,1.0,12,10583.333333333334,37,0.185,-0.16899900717908406,True
0.98,0.5,hand_replay,4,100000,12,0.9004166666666666,1.0,12,10583.333333333334,37,0.185,-0.16899900717908406,True
0.98,0.5,hand_replay,4,200000,12,0.9502083333333332,1.0,12,10583.333333333334,37,0.185,-0.16899900717908406,True
0.98,0.5,hand_replay,12,50000,12,0.0,0.0,0,50000.0,133,0.665,-0.4190591209350639,True
0.98,0.5,hand_replay,12,100000,12,0.0,0.0,0,100000.0,133,0.665,-0.4190591209350639,True
0.98,0.5,hand_replay,12,200000,12,0.3925,1.0,12,122250.0,133,0.665,-0.4190591209350639,True
0.98,0.5,immediate_skill,4,50000,12,0.9474999999999998,1.0,12,3250.0,37,0.185,-0.16899900717908406,True
0.98,0.5,immediate_skill,4,100000,12,0.9737499999999999,1.0,12,3250.0,37,0.185,-0.16899900717908406,True
0.98,0.5,immediate_skill,4,200000,12,0.9868750000000001,1.0,12,3250.0,37,0.185,-0.16899900717908406,True
0.98,0.5,immediate_skill,12,50000,12,0.8716666666666667,1.0,12,7333.333333333333,133,0.665,-0.4190591209350639,True
0.98,0.5,immediate_skill,12,100000,12,0.9358333333333334,1.0,12,7333.333333333333,133,0.665,-0.4190591209350639,True
0.98,0.5,immediate_skill,12,200000,12,0.9679166666666666,1.0,12,7333.333333333333,133,0.665,-0.4190591209350639,True
0.98,2,history_replay,4,50000,12,0.8000000000000003,1.0,12,10750.0,37,0.74,0.09918427897508858,False
0.98,2,history_replay,4,100000,12,0.9,1.0,12,10750.0,37,0.74,0.09918427897508858,False
0.98,2,history_replay,4,200000,12,0.9499999999999998,1.0,12,10750.0,37,0.74,0.09918427897508858,False
0.98,2,history_replay,12,50000,12,0.0,0.0,0,50000.0,133,2.66,-0.2804522078581998,True
0.98,2,history_replay,12,100000,12,0.0,0.0,0,100000.0,133,2.66,-0.2804522078581998,True
0.98,2,history_replay,12,200000,12,0.0334375,0.875,9,196250.0,133,2.66,-0.2804522078581998,True
0.98,2,hand_replay,4,50000,12,0.8150000000000001,1.0,12,9833.333333333334,37,0.74,0.09918427897508858,False
0.98,2,hand_replay,4,100000,12,0.9074999999999999,1.0,12,9833.333333333334,37,0.74,0.09918427897508858,False
0.98,2,hand_replay,4,200000,12,0.95375,1.0,12,9833.333333333334,37,0.74,0.09918427897508858,False
0.98,2,hand_replay,12,50000,12,0.0,0.0,0,50000.0,133,2.66,-0.2804522078581998,True
0.98,2,hand_replay,12,100000,12,0.0,0.0,0,100000.0,133,2.66,-0.2804522078581998,True
0.98,2,hand_replay,12,200000,12,0.39916666666666667,1.0,12,120833.33333333333,133,2.66,-0.2804522078581998,True
0.98,2,immediate_skill,4,50000,12,0.9474999999999998,1.0,12,3250.0,37,0.74,0.09918427897508858,False
0.98,2,immediate_skill,4,100000,12,0.9737499999999999,1.0,12,3250.0,37,0.74,0.09918427897508858,False
0.98,2,immediate_skill,4,200000,12,0.9868750000000001,1.0,12,3250.0,37,0.74,0.09918427897508858,False
0.98,2,immediate_skill,12,50000,12,0.8716666666666667,1.0,12,7333.333333333333,133,2.66,-0.2804522078581998,True
0.98,2,immediate_skill,12,100000,12,0.9358333333333334,1.0,12,7333.333333333333,133,2.66,-0.2804522078581998,True
0.98,2,immediate_skill,12,200000,12,0.9679166666666666,1.0,12,7333.333333333333,133,2.66,-0.2804522078581998,True
0.98,8,history_replay,4,50000,12,0.8050000000000002,1.0,12,10500.0,37,2.96,1.171917423591779,False
0.98,8,history_replay,4,100000,12,0.9024999999999999,1.0,12,10500.0,37,2.96,1.171917423591779,False
0.98,8,history_replay,4,200000,12,0.95125,1.0,12,10500.0,37,2.96,1.171917423591779,False
0.98,8,history_replay,12,50000,12,0.0,0.0,0,50000.0,133,10.64,0.27397544444925676,False
0.98,8,history_replay,12,100000,12,0.0,0.0,0,100000.0,133,10.64,0.27397544444925676,False
0.98,8,history_replay,12,200000,12,0.04177083333333333,0.9583333333333334,11,194333.33333333334,133,10.64,0.27397544444925676,False
0.98,8,hand_replay,4,50000,12,0.8233333333333334,1.0,12,9333.333333333334,37,2.96,1.171917423591779,False
0.98,8,hand_replay,4,100000,12,0.9116666666666666,1.0,12,9333.333333333334,37,2.96,1.171917423591779,False
0.98,8,hand_replay,4,200000,12,0.9558333333333334,1.0,12,9333.333333333334,37,2.96,1.171917423591779,False
0.98,8,hand_replay,12,50000,12,0.0,0.0,0,50000.0,133,10.64,0.27397544444925676,False
0.98,8,hand_replay,12,100000,12,0.0,0.0,0,100000.0,133,10.64,0.27397544444925676,False
0.98,8,hand_replay,12,200000,12,0.4110416666666666,1.0,12,118583.33333333333,133,10.64,0.27397544444925676,False
0.98,8,immediate_skill,4,50000,12,0.9474999999999998,1.0,12,3250.0,37,2.96,1.171917423591779,False
0.98,8,immediate_skill,4,100000,12,0.9737499999999999,1.0,12,3250.0,37,2.96,1.171917423591779,False
0.98,8,immediate_skill,4,200000,12,0.9868750000000001,1.0,12,3250.0,37,2.96,1.171917423591779,False
0.98,8,immediate_skill,12,50000,12,0.8716666666666667,1.0,12,7333.333333333333,133,10.64,0.27397544444925676,False
0.98,8,immediate_skill,12,100000,12,0.9358333333333334,1.0,12,7333.333333333333,133,10.64,0.27397544444925676,False
0.98,8,immediate_skill,12,200000,12,0.9679166666666666,1.0,12,7333.333333333333,133,10.64,0.27397544444925676,False
0.99,0.5,history_replay,4,50000,12,0.7883333333333336,1.0,12,11333.333333333334,37,0.185,-0.17475033661125516,True
0.99,0.5,history_replay,4,100000,12,0.8941666666666667,1.0,12,11333.333333333334,37,0.185,-0.17475033661125516,True
0.99,0.5,history_replay,4,200000,12,0.9470833333333334,1.0,12,11333.333333333334,37,0.185,-0.17475033661125516,True
0.99,0.5,history_replay,12,50000,12,0.0,0.0,0,50000.0,133,0.665,-0.55816519417007,True
0.99,0.5,history_replay,12,100000,12,0.0,0.0,0,100000.0,133,0.665,-0.55816519417007,True
0.99,0.5,history_replay,12,200000,12,0.025624999999999995,0.9166666666666666,10,197833.33333333334,133,0.665,-0.55816519417007,True
0.99,0.5,hand_replay,4,50000,12,0.8108333333333335,1.0,12,10166.666666666666,37,0.185,-0.17475033661125516,True
0.99,0.5,hand_replay,4,100000,12,0.9054166666666665,1.0,12,10166.666666666666,37,0.185,-0.17475033661125516,True
0.99,0.5,hand_replay,4,200000,12,0.9527083333333334,1.0,12,10166.666666666666,37,0.185,-0.17475033661125516,True
0.99,0.5,hand_replay,12,50000,12,0.0,0.0,0,50000.0,133,0.665,-0.55816519417007,True
0.99,0.5,hand_replay,12,100000,12,0.0,0.0,0,100000.0,133,0.665,-0.55816519417007,True
0.99,0.5,hand_replay,12,200000,12,0.3897916666666667,1.0,12,122666.66666666667,133,0.665,-0.55816519417007,True
0.99,0.5,immediate_skill,4,50000,12,0.9483333333333331,1.0,12,3166.6666666666665,37,0.185,-0.17475033661125516,True
0.99,0.5,immediate_skill,4,100000,12,0.9741666666666666,1.0,12,3166.6666666666665,37,0.185,-0.17475033661125516,True
0.99,0.5,immediate_skill,4,200000,12,0.9870833333333335,1.0,12,3166.6666666666665,37,0.185,-0.17475033661125516,True
0.99,0.5,immediate_skill,12,50000,12,0.8733333333333334,1.0,12,7333.333333333333,133,0.665,-0.55816519417007,True
0.99,0.5,immediate_skill,12,100000,12,0.9366666666666666,1.0,12,7333.333333333333,133,0.665,-0.55816519417007,True
0.99,0.5,immediate_skill,12,200000,12,0.9683333333333334,1.0,12,7333.333333333333,133,0.665,-0.55816519417007,True
0.99,2,history_replay,4,50000,12,0.8000000000000002,1.0,12,10916.666666666666,37,0.74,0.21175899940625814,False
0.99,2,history_replay,4,100000,12,0.9,1.0,12,10916.666666666666,37,0.74,0.21175899940625814,False
0.99,2,history_replay,4,200000,12,0.9499999999999997,1.0,12,10916.666666666666,37,0.74,0.21175899940625814,False
0.99,2,history_replay,12,50000,12,0.0,0.0,0,50000.0,133,2.66,-0.02875952592339781,True
0.99,2,history_replay,12,100000,12,0.0,0.0,0,100000.0,133,2.66,-0.02875952592339781,True
0.99,2,history_replay,12,200000,12,0.04041666666666667,1.0,12,195250.0,133,2.66,-0.02875952592339781,True
0.99,2,hand_replay,4,50000,12,0.8208333333333334,1.0,12,9666.666666666666,37,0.74,0.21175899940625814,False
0.99,2,hand_replay,4,100000,12,0.9104166666666665,1.0,12,9666.666666666666,37,0.74,0.21175899940625814,False
0.99,2,hand_replay,4,200000,12,0.9552083333333333,1.0,12,9666.666666666666,37,0.74,0.21175899940625814,False
0.99,2,hand_replay,12,50000,12,0.0,0.0,0,50000.0,133,2.66,-0.02875952592339781,True
0.99,2,hand_replay,12,100000,12,0.0,0.0,0,100000.0,133,2.66,-0.02875952592339781,True
0.99,2,hand_replay,12,200000,12,0.4033333333333333,1.0,12,120083.33333333333,133,2.66,-0.02875952592339781,True
0.99,2,immediate_skill,4,50000,12,0.9483333333333331,1.0,12,3166.6666666666665,37,0.74,0.21175899940625814,False
0.99,2,immediate_skill,4,100000,12,0.9741666666666666,1.0,12,3166.6666666666665,37,0.74,0.21175899940625814,False
0.99,2,immediate_skill,4,200000,12,0.9870833333333335,1.0,12,3166.6666666666665,37,0.74,0.21175899940625814,False
0.99,2,immediate_skill,12,50000,12,0.8733333333333334,1.0,12,7333.333333333333,133,2.66,-0.02875952592339781,True
0.99,2,immediate_skill,12,100000,12,0.9366666666666666,1.0,12,7333.333333333333,133,2.66,-0.02875952592339781,True
0.99,2,immediate_skill,12,200000,12,0.9683333333333334,1.0,12,7333.333333333333,133,2.66,-0.02875952592339781,True
0.99,8,history_replay,4,50000,12,0.8041666666666668,1.0,12,10666.666666666666,37,2.96,1.7577963434763113,False
0.99,8,history_replay,4,100000,12,0.9020833333333335,1.0,12,10666.666666666666,37,2.96,1.7577963434763113,False
0.99,8,history_replay,4,200000,12,0.9510416666666667,1.0,12,10666.666666666666,37,2.96,1.7577963434763113,False
0.99,8,history_replay,12,50000,12,0.0,0.0,0,50000.0,133,10.64,2.088863147063291,False
0.99,8,history_replay,12,100000,12,0.0,0.0,0,100000.0,133,10.64,2.088863147063291,False
0.99,8,history_replay,12,200000,12,0.051145833333333335,0.9583333333333334,11,193000.0,133,10.64,2.088863147063291,False
0.99,8,hand_replay,4,50000,12,0.8308333333333334,1.0,12,9083.333333333334,37,2.96,1.7577963434763113,False
0.99,8,hand_replay,4,100000,12,0.9154166666666668,1.0,12,9083.333333333334,37,2.96,1.7577963434763113,False
0.99,8,hand_replay,4,200000,12,0.9577083333333333,1.0,12,9083.333333333334,37,2.96,1.7577963434763113,False
0.99,8,hand_replay,12,50000,12,0.0,0.0,0,50000.0,133,10.64,2.088863147063291,False
0.99,8,hand_replay,12,100000,12,0.0,0.0,0,100000.0,133,10.64,2.088863147063291,False
0.99,8,hand_replay,12,200000,12,0.41854166666666665,1.0,12,117250.0,133,10.64,2.088863147063291,False
0.99,8,immediate_skill,4,50000,12,0.9483333333333331,1.0,12,3166.6666666666665,37,2.96,1.7577963434763113,False
0.99,8,immediate_skill,4,100000,12,0.9741666666666666,1.0,12,3166.6666666666665,37,2.96,1.7577963434763113,False
0.99,8,immediate_skill,4,200000,12,0.9870833333333335,1.0,12,3166.6666666666665,37,2.96,1.7577963434763113,False
0.99,8,immediate_skill,12,50000,12,0.8733333333333334,1.0,12,7333.333333333333,133,10.64,2.088863147063291,False
0.99,8,immediate_skill,12,100000,12,0.9366666666666666,1.0,12,7333.333333333333,133,10.64,2.088863147063291,False
0.99,8,immediate_skill,12,200000,12,0.9683333333333334,1.0,12,7333.333333333333,133,10.64,2.088863147063291,False
0.995,0.5,history_replay,4,50000,12,0.785,1.0,12,11500.0,37,0.185,-0.1757584294085825,True
0.995,0.5,history_replay,4,100000,12,0.8925000000000001,1.0,12,11500.0,37,0.185,-0.1757584294085825,True
0.995,0.5,history_replay,4,200000,12,0.94625,1.0,12,11500.0,37,0.185,-0.1757584294085825,True
0.995,0.5,history_replay,12,50000,12,0.0,0.0,0,50000.0,133,0.665,-0.6248696358572461,True
0.995,0.5,history_replay,12,100000,12,0.0,0.0,0,100000.0,133,0.665,-0.6248696358572461,True
0.995,0.5,history_replay,12,200000,12,0.021458333333333333,0.6666666666666666,7,198083.33333333334,133,0.665,-0.6248696358572461,True
0.995,0.5,hand_replay,4,50000,12,0.8000000000000002,1.0,12,10750.0,37,0.185,-0.1757584294085825,True
0.995,0.5,hand_replay,4,100000,12,0.8999999999999999,1.0,12,10750.0,37,0.185,-0.1757584294085825,True
0.995,0.5,hand_replay,4,200000,12,0.9499999999999998,1.0,12,10750.0,37,0.185,-0.1757584294085825,True
0.995,0.5,hand_replay,12,50000,12,0.0,0.0,0,50000.0,133,0.665,-0.6248696358572461,True
0.995,0.5,hand_replay,12,100000,12,0.0,0.0,0,100000.0,133,0.665,-0.6248696358572461,True
0.995,0.5,hand_replay,12,200000,12,0.4000000000000001,1.0,12,120916.66666666667,133,0.665,-0.6248696358572461,True
0.995,0.5,immediate_skill,4,50000,12,0.9491666666666664,1.0,12,3083.3333333333335,37,0.185,-0.1757584294085825,True
0.995,0.5,immediate_skill,4,100000,12,0.9745833333333334,1.0,12,3083.3333333333335,37,0.185,-0.1757584294085825,True
0.995,0.5,immediate_skill,4,200000,12,0.9872916666666668,1.0,12,3083.3333333333335,37,0.185,-0.1757584294085825,True
0.995,0.5,immediate_skill,12,50000,12,0.8666666666666667,1.0,12,7916.666666666667,133,0.665,-0.6248696358572461,True
0.995,0.5,immediate_skill,12,100000,12,0.9333333333333332,1.0,12,7916.666666666667,133,0.665,-0.6248696358572461,True
0.995,0.5,immediate_skill,12,200000,12,0.9666666666666668,1.0,12,7916.666666666667,133,0.665,-0.6248696358572461,True
0.995,2,history_replay,4,50000,12,0.7958333333333334,1.0,12,10916.666666666666,37,0.74,0.28760727845331063,False
0.995,2,history_replay,4,100000,12,0.8979166666666666,1.0,12,10916.666666666666,37,0.74,0.28760727845331063,False
0.995,2,history_replay,4,200000,12,0.9489583333333332,1.0,12,10916.666666666666,37,0.74,0.28760727845331063,False
0.995,2,history_replay,12,50000,12,0.0,0.0,0,50000.0,133,2.66,0.4045431508087174,False
0.995,2,history_replay,12,100000,12,0.0,0.0,0,100000.0,133,2.66,0.4045431508087174,False
0.995,2,history_replay,12,200000,12,0.034375,0.9166666666666666,11,195666.66666666666,133,2.66,0.4045431508087174,False
0.995,2,hand_replay,4,50000,12,0.8158333333333334,1.0,12,9750.0,37,0.74,0.28760727845331063,False
0.995,2,hand_replay,4,100000,12,0.9079166666666666,1.0,12,9750.0,37,0.74,0.28760727845331063,False
0.995,2,hand_replay,4,200000,12,0.9539583333333334,1.0,12,9750.0,37,0.74,0.28760727845331063,False
0.995,2,hand_replay,12,50000,12,0.0,0.0,0,50000.0,133,2.66,0.4045431508087174,False
0.995,2,hand_replay,12,100000,12,0.0,0.0,0,100000.0,133,2.66,0.4045431508087174,False
0.995,2,hand_replay,12,200000,12,0.41395833333333326,1.0,12,117833.33333333333,133,2.66,0.4045431508087174,False
0.995,2,immediate_skill,4,50000,12,0.9491666666666664,1.0,12,3083.3333333333335,37,0.74,0.28760727845331063,False
0.995,2,immediate_skill,4,100000,12,0.9745833333333334,1.0,12,3083.3333333333335,37,0.74,0.28760727845331063,False
0.995,2,immediate_skill,4,200000,12,0.9872916666666668,1.0,12,3083.3333333333335,37,0.74,0.28760727845331063,False
0.995,2,immediate_skill,12,50000,12,0.8666666666666667,1.0,12,7916.666666666667,133,2.66,0.4045431508087174,False
0.995,2,immediate_skill,12,100000,12,0.9333333333333332,1.0,12,7916.666666666667,133,2.66,0.4045431508087174,False
0.995,2,immediate_skill,12,200000,12,0.9666666666666668,1.0,12,7916.666666666667,133,2.66,0.4045431508087174,False
0.995,8,history_replay,4,50000,12,0.8000000000000002,1.0,12,10833.333333333334,37,2.96,2.141070109900883,False
0.995,8,history_replay,4,100000,12,0.9,1.0,12,10833.333333333334,37,2.96,2.141070109900883,False
0.995,8,history_replay,4,200000,12,0.9499999999999998,1.0,12,10833.333333333334,37,2.96,2.141070109900883,False
0.995,8,history_replay,12,50000,12,0.0,0.0,0,50000.0,133,10.64,4.522194297472571,False
0.995,8,history_replay,12,100000,12,0.0,0.0,0,100000.0,133,10.64,4.522194297472571,False
0.995,8,history_replay,12,200000,12,0.042916666666666665,0.9166666666666666,10,194333.33333333334,133,10.64,4.522194297472571,False
0.995,8,hand_replay,4,50000,12,0.8250000000000001,1.0,12,9416.666666666666,37,2.96,2.141070109900883,False
0.995,8,hand_replay,4,100000,12,0.9125000000000001,1.0,12,9416.666666666666,37,2.96,2.141070109900883,False
0.995,8,hand_replay,4,200000,12,0.9562500000000002,1.0,12,9416.666666666666,37,2.96,2.141070109900883,False
0.995,8,hand_replay,12,50000,12,0.0,0.0,0,50000.0,133,10.64,4.522194297472571,False
0.995,8,hand_replay,12,100000,12,0.0,0.0,0,100000.0,133,10.64,4.522194297472571,False
0.995,8,hand_replay,12,200000,12,0.4227083333333333,1.0,12,116416.66666666667,133,10.64,4.522194297472571,False
0.995,8,immediate_skill,4,50000,12,0.9491666666666664,1.0,12,3083.3333333333335,37,2.96,2.141070109900883,False
0.995,8,immediate_skill,4,100000,12,0.9745833333333334,1.0,12,3083.3333333333335,37,2.96,2.141070109900883,False
0.995,8,immediate_skill,4,200000,12,0.9872916666666668,1.0,12,3083.3333333333335,37,2.96,2.141070109900883,False
0.995,8,immediate_skill,12,50000,12,0.8666666666666667,1.0,12,7916.666666666667,133,10.64,4.522194297472571,False
0.995,8,immediate_skill,12,100000,12,0.9333333333333332,1.0,12,7916.666666666667,133,10.64,4.522194297472571,False
0.995,8,immediate_skill,12,200000,12,0.9666666666666668,1.0,12,7916.666666666667,133,10.64,4.522194297472571,False
